{"Daniel Khashabi": {"gpt-4-0613": 0.6300000000000001, "gpt-3.5-turbo-0613": 0.01}, "Kristin Ruth": {}, "Xiao Ye": {"gpt-3.5-turbo-0125": 1.6199999999999999, "gpt-4-0125-preview": 33.079999999999984, "gpt-3.5-turbo-0613": 0.0}, "Whitney Stew": {}, "Samuel Trevino": {}, "Owen Bianchi": {}, "Adam Byerly": {"gpt-3.5-turbo-0125": 2.249999999999999}, "Lingfeng Shen": {}, "Jingyu Zhang": {"gpt-4-0125-preview": 47.35999999999999, "ft:davinci-002:johns-hopkins-university::8sF2P6p3": 5.42, "ft:davinci-002:johns-hopkins-university::8sF4ABQB": 5.579999999999999, "ft:babbage-002:johns-hopkins-university::8sDVSWzR": 0.02, "gpt-3.5-turbo-0125": 5.579999999999997}, "Dixuan Wang": {}, "Kevin Xu": {"gpt-4-1106-preview": 1.0200000000000002, "gpt-4-1106-vision-preview": 2695.9499999999975, "gpt-4-0125-preview": 2976.6800000000003, "gpt-3.5-turbo-16k-0613": 0.01}, "Jeffery O": {"text-embedding-ada-002-v2": 0.0, "gpt-4-1106-preview": 14.03}, "Andrew Wang": {"gpt-4-0613": 0.01}, "Nikhil Sharma": {}, "Arda Uzunoglu": {}, "Yining Lu": {"gpt-4-0613": 0.7900000000000003}, "Dongwei Jiang": {}}